{
    "total_return": 0.34660307322423045,
    "annualized_return": 0.051373906425183274,
    "annualized_volatility": 0.032646903002512516,
    "sharpe_ratio": 1.5736226624997025,
    "max_drawdown": -0.03544222744954746,
    "win_rate": 0.84,
    "trade_count": 75
}