{
  "vol_median": 29.005823121716823,
  "pos_median": -0.7018519832748549,
  "grid": {
    "Low vol + Low position": {
      "n": 59,
      "mean": 0.029421302198690706,
      "hit": 0.559322033898305,
      "med": 0.011790789181974182,
      "p": 0.011228150087051053
    },
    "Low vol + High position": {
      "n": 80,
      "mean": 0.019232995908633477,
      "hit": 0.5125,
      "med": 0.003647383826082984,
      "p": 0.03161120982027817
    },
    "High vol + Low position": {
      "n": 82,
      "mean": 0.015511119446780032,
      "hit": 0.524390243902439,
      "med": 0.005202699451115511,
      "p": 0.11120645683920508
    },
    "High vol + High position": {
      "n": 58,
      "mean": 0.02521861921678966,
      "hit": 0.46551724137931033,
      "med": -0.01903232779928976,
      "p": 0.25159549663891967
    }
  },
  "baseline_4w": {
    "n": 279,
    "mean": 0.021537950579294595,
    "hit": 0.5161290322580645,
    "med": 0.0035189448737233953,
    "p": 0.0007710865919742702
  },
  "equations": [
    {
      "rule": "Low vol + Low position",
      "mean": 0.029421302198690706,
      "hit": 0.559322033898305,
      "n": 59,
      "p": 0.011228150087051053,
      "sign": "+ve"
    },
    {
      "rule": "High vol + High position",
      "mean": 0.02521861921678966,
      "hit": 0.46551724137931033,
      "n": 58,
      "p": 0.25159549663891967,
      "sign": "+ve"
    },
    {
      "rule": "Low vol + High position",
      "mean": 0.019232995908633477,
      "hit": 0.5125,
      "n": 80,
      "p": 0.03161120982027817,
      "sign": "+ve"
    },
    {
      "rule": "High vol + Low position",
      "mean": 0.015511119446780032,
      "hit": 0.524390243902439,
      "n": 82,
      "p": 0.11120645683920508,
      "sign": "+ve"
    }
  ],
  "persistence": {
    "High position (crowded long)": {
      "1 wk": {
        "mean": 0.08988421648134336,
        "hit": 0.8,
        "n": 15
      },
      "2-3 wks": {
        "mean": 0.05411085155160584,
        "hit": 0.6363636363636364,
        "n": 22
      },
      "4+ wks": {
        "mean": -0.007831786062576751,
        "hit": 0.3333333333333333,
        "n": 54
      }
    },
    "Low position (light/short)": {
      "1 wk": {
        "mean": -0.009918224661221562,
        "hit": 0.3157894736842105,
        "n": 19
      },
      "2-3 wks": {
        "mean": -0.0020275178816742943,
        "hit": 0.43478260869565216,
        "n": 23
      },
      "4+ wks": {
        "mean": 0.03765743592343271,
        "hit": 0.6346153846153846,
        "n": 52
      }
    }
  },
  "extremes": {
    "Top 10% (most long)": {
      "1": {
        "mean": 0.002670072731419944,
        "hit": 0.5172413793103449,
        "n": 29
      },
      "2": {
        "mean": 0.0032904873861153397,
        "hit": 0.5172413793103449,
        "n": 29
      },
      "4": {
        "mean": -0.021086495070724822,
        "hit": 0.27586206896551724,
        "n": 29
      }
    },
    "Bottom 10% (least long)": {
      "1": {
        "mean": 0.014832434884290665,
        "hit": 0.5862068965517241,
        "n": 29
      },
      "2": {
        "mean": 0.01763017187441532,
        "hit": 0.5517241379310345,
        "n": 29
      },
      "4": {
        "mean": 0.0342159895167981,
        "hit": 0.6206896551724138,
        "n": 29
      }
    },
    "Z>=+2 (extreme long)": {
      "1": {
        "mean": 0.006786338188001413,
        "hit": 0.6666666666666666,
        "n": 6
      },
      "2": {
        "mean": -0.0014927455505915899,
        "hit": 0.5,
        "n": 6
      },
      "4": {
        "mean": -0.03591647736982142,
        "hit": 0.0,
        "n": 6
      }
    },
    "Z<=-2 (extreme short)": {
      "1": {
        "mean": 0.00881126642384372,
        "hit": 0.5555555555555556,
        "n": 27
      },
      "2": {
        "mean": 0.018423147408761036,
        "hit": 0.5555555555555556,
        "n": 27
      },
      "4": {
        "mean": 0.03729514466448366,
        "hit": 0.6296296296296297,
        "n": 27
      }
    }
  },
  "uncond": {
    "1": 0.005435653760780968,
    "2": 0.011053023609960045,
    "4": 0.021537950579294595
  },
  "n": 282,
  "start": "2020-12-21",
  "end": "2026-05-19"
}